{
    "name": "Global Information",
    "numberOfRequests": {
        "total": 4920,
        "ok": 2997,
        "ko": 1923
    },
    "minResponseTime": {
        "total": 576,
        "ok": 576,
        "ko": 10000
    },
    "maxResponseTime": {
        "total": 60002,
        "ok": 28235,
        "ko": 60002
    },
    "meanResponseTime": {
        "total": 11116,
        "ok": 11714,
        "ko": 10183
    },
    "standardDeviation": {
        "total": 6696,
        "ok": 8178,
        "ko": 3011
    },
    "percentiles1": {
        "total": 10001,
        "ok": 13262,
        "ko": 10001
    },
    "percentiles2": {
        "total": 15271,
        "ok": 18481,
        "ko": 10001
    },
    "percentiles3": {
        "total": 22760,
        "ok": 24022,
        "ko": 10003
    },
    "percentiles4": {
        "total": 26032,
        "ok": 26383,
        "ko": 10012
    },
    "group1": {
        "name": "t < 800 ms",
        "count": 328,
        "percentage": 7
    },
    "group2": {
        "name": "800 ms < t < 1200 ms",
        "count": 310,
        "percentage": 6
    },
    "group3": {
        "name": "t > 1200 ms",
        "count": 2359,
        "percentage": 48
    },
    "group4": {
        "name": "failed",
        "count": 1923,
        "percentage": 39
    },
    "meanNumberOfRequestsPerSecond": {
        "total": 18.636363636363637,
        "ok": 11.352272727272727,
        "ko": 7.284090909090909
    }
}